[
  {"phrase": "what is your name", "result": {"name": 1}},
  {"phrase": "your name", "result": {"name": 1}},
  {"phrase": "nama", "result": {"name": 1}},
  {"phrase": "siapa nama kamu", "result": {"name": 1}},
  {"phrase": "nama kamu siapa", "result": {"name": 1}},
  {"phrase": "ngana pe nama siapa?", "result": {"name": 1}},
  {"phrase": "apa hobby kamu", "result": {"hobby": 1}},
  {"phrase": "hobby", "result": {"hobby": 1}},
  {"phrase": "apa hobi kamu", "result": {"hobby": 1}},
  {"phrase": "hobi kamu", "result": {"hobby": 1}},
  {"phrase": "kamu suka bermain apa", "result": {"hobby": 1}},
  {"phrase": "kamu suka apa", "result": {"hobby": 1}},
  {"phrase": "kamu manusia atau robot", "result": {"human": 1}},
  {"phrase": "manusia atau robot", "result": {"human": 1}},
  {"phrase": "apakah kamu manusia", "result": {"human": 1}},
  {"phrase": "apakah kamu robot", "result": {"human": 1}},
  {"phrase": "kamu pasti robot", "result": {"human": 1}},
  {"phrase": "kamu seperti manusia", "result": {"human": 1}},
  {"phrase": "Selamat pagi.", "result": {"greetings": 1}},
  {"phrase": "selamat siang.", "result": {"greetings": 1}},
  {"phrase": "selamat sore", "result": {"greetings": 1}},
  {"phrase": "selamat malam", "result": {"greetings": 1}},
  {"phrase": "good morning.", "result": {"greetings": 1}},
  {"phrase": "hari yang indah.", "result": {"greetings": 1}},
  {"phrase": "hari ini sangat indah.", "result": {"greetings": 1}},
  {"phrase": "terima kasih", "result": {"thanks": 1}},
  {"phrase": "thank you", "result": {"thanks": 1}},
  {"phrase": "thanks", "result": {"thanks": 1}},
  {"phrase": "mantap sekali", "result": {"okey": 1}},
  {"phrase": "mantap", "result": {"okey": 1}},
  {"phrase": "good", "result": {"okey": 1}},
  {"phrase": "pintar", "result": {"okey": 1}},
  {"phrase": "ok ok", "result": {"okey": 1}},
  {"phrase": "oke", "result": {"okey": 1}},
  {"phrase": "Okey", "result": {"okey": 1}},
  {"phrase": "hi", "result": {"hi": 1}},
  {"phrase": "helo", "result": {"hi": 1}},
  {"phrase": "hello", "result": {"hi": 1}},
  {"phrase": "hi bro", "result": {"hi": 1}},
  {"phrase": "hi there", "result": {"hi": 1}},
  {"phrase": "kabar", "result": {"condition": 1}},
  {"phrase": "apa kabar kamu", "result": {"condition": 1}},
  {"phrase": "how are you", "result": {"condition": 1}}
]